regime,n,sharpe_T,sharpe_L,sortino_T,sortino_L
Bull,189,0.9348349983934596,0.8494751558417796,14.437767081061224,3.990107799648613
Bear,143,-0.8869874988661793,-1.0046940365058799,-0.8910326501442873,-1.0120701290519418
LowVol (bottom tercile),102,0.13104939801266002,0.07608804404758177,0.22655709205524996,0.12005866908416662
MedVol (middle tercile),103,-0.02593657318910172,-0.036444093107413075,-0.032071717137869125,-0.04478071276039961
HighVol (top tercile),102,0.15014894470025097,0.13874863576975882,0.2135074038224493,0.24671978444733478
