Model,AnnRet,Vol,Sharpe,Sortino,MaxDD,Calmar,AvgCost_bps,Turnover,EffN
lstm,0.1144770607352256,0.1377659887075424,0.0854701176285743,0.0217776205390691,-0.2162798643112182,0.5293005704879761,0.0,0.6355300545692444,8.774782180786133
transformer,0.133268266916275,0.1337858587503433,0.1074908003211021,0.0254975967109203,-0.2078188061714172,0.6412714719772339,0.0,0.3041023910045624,11.11662483215332
lstm,0.1181593835353851,0.13166344165802,0.0933100581169128,0.0233857668936252,-0.2200762033462524,0.536902129650116,0.0,0.3808039724826813,10.72829246520996
transformer,0.13318897783756256,0.1337413787841797,0.10744434595108032,0.025492176413536072,-0.20764857530593872,0.6414152979850769,0.0,0.30310294032096863,11.125181198120117
