{
  "weights": {
    "DBC": 5.683199553869654e-16,
    "EEM": 0.4307686596084188,
    "EFA": 3.545876936496783e-16,
    "GLD": 3.974847557795518e-16,
    "HYG": 6.623541635929514e-16,
    "IEF": 8.587219898212148e-15,
    "IWM": 0.31043910526160257,
    "LQD": 5.210750931858967e-17,
    "QQQ": 3.156599919103603e-18,
    "SPY": 0.2587922351299672,
    "TLT": 2.903777482679496e-16,
    "VNQ": 5.983536964772379e-16
  },
  "mu_ann": 0.09566618185070157,
  "vol_ann": 0.10733854933995181,
  "sharpe_excess": 0.6117669956832589
}