{
  "RNN_L50": [
    0.49958333333333327,
    0.4911666666666667,
    0.49524999999999997,
    0.5004166666666666,
    0.49816666666666665,
    0.5029166666666667,
    0.6626666666666666,
    0.6644166666666668,
    0.6631666666666667,
    0.6595
  ],
  "LSTM_L50": [
    0.4950833333333333,
    0.4945,
    0.5018333333333332,
    0.4945,
    0.5053333333333333,
    0.5018333333333334,
    0.4945,
    0.49816666666666665,
    0.49816666666666665,
    0.4945
  ],
  "RNN_L100": [
    0.5015000000000001,
    0.503,
    0.4991666666666667,
    0.504,
    0.49924999999999997,
    0.5024166666666666,
    0.496,
    0.5009166666666667,
    0.49491666666666667,
    0.49974999999999997
  ],
  "LSTM_L100": [
    0.5023333333333333,
    0.5021666666666667,
    0.5018333333333334,
    0.5030833333333332,
    0.49924999999999997,
    0.5031666666666667,
    0.5023333333333334,
    0.5061666666666667,
    0.50425,
    0.5049166666666666
  ],
  "RNN_L200": [
    0.49783333333333335,
    0.5006666666666667,
    0.5045833333333333,
    0.5059166666666667,
    0.5074166666666666,
    0.4980833333333334,
    0.5105,
    0.5091666666666667,
    0.5020833333333333,
    0.5025000000000001
  ],
  "LSTM_L200": [
    0.49974999999999997,
    0.49974999999999997,
    0.49974999999999997,
    0.5005000000000001,
    0.5016666666666666,
    0.5031666666666667,
    0.5004166666666666,
    0.49924999999999997,
    0.5003333333333333,
    0.49974999999999997
  ],
  "RNN_L500": [
    0.4974166666666666,
    0.4955,
    0.5008333333333334,
    0.4945,
    0.49783333333333335,
    0.4968333333333333,
    0.4990833333333333,
    0.4960833333333334,
    0.49974999999999997,
    0.5013333333333333
  ],
  "LSTM_L500": [
    0.49700000000000005,
    0.49899999999999994,
    0.4921666666666667,
    0.49700000000000005,
    0.4885,
    0.4916666666666667,
    0.4955,
    0.4948333333333334,
    0.49350000000000005,
    0.4936666666666667
  ]
}