{
  "weights": {
    "DBC": 0.1038439999642384,
    "EEM": -0.014989277052944141,
    "EFA": -0.0021419426892954115,
    "GLD": -0.03954757426111677,
    "HYG": 0.008719702491577335,
    "IEF": -0.40758008424456665,
    "IWM": 1.265211486719514,
    "LQD": -0.020015318917871908,
    "QQQ": 0.09647289204465882,
    "SPY": -0.005249758093096988,
    "TLT": 0.03451686705096308,
    "VNQ": -0.01924099301205998
  },
  "mu_ann": 0.038279150527709756,
  "vol_ann": 0.042778470081284235,
  "sharpe_excess": 0.1935354516414069
}