{
  "weights": {
    "DBC": 0.03959681877274768,
    "EEM": 0.010118251109275842,
    "EFA": 5.480848837270634e-18,
    "GLD": 5.414762419601847e-18,
    "HYG": 9.532278617193424e-18,
    "IEF": 0.0,
    "IWM": 0.700387660547969,
    "LQD": 0.0,
    "QQQ": 0.18066163390547466,
    "SPY": 4.7323372219297295e-18,
    "TLT": 0.069235635664533,
    "VNQ": 1.134920033722481e-17
  },
  "mu_ann": 0.03711487313732659,
  "vol_ann": 0.05422297336960503,
  "sharpe_excess": 0.13121510487499138
}