model,metric,value
RNN,R2_total,0.8304196000099182
RNN,R2_slow,0.8198544979095459
RNN,R2_burst,-2.7761173248291016
LSTM,R2_total,0.8343058228492737
LSTM,R2_slow,0.8217220306396484
LSTM,R2_burst,-2.6402292251586914
