Model,AnnRet,Vol,Sharpe,MaxDD
Static MVO,0.07744499396960965,0.09946171255804377,0.7786412678588696,-0.2084033461183441
MGARCH-MVO,0.08017590590689694,0.10176457157305631,0.7878567625997328,-0.19801257627081292
LSTM (returns only),0.07822832075174584,0.12519730063420048,0.6248403148907509,-0.2320237986292496
Transformer (returns only),0.1072603771158065,0.1287394674902377,0.8331584649745427,-0.2126472869436471
LSTM (+MGARCH feats),0.07822832075174584,0.12519730063420048,0.6248403148907509,-0.2320237986292496
Transformer (+MGARCH feats),0.1072603771158065,0.1287394674902377,0.8331584649745427,-0.2126472869436471
LSTM (+vol-credit feats),0.07822832075174584,0.12519730063420048,0.6248403148907509,-0.2320237986292496
Transformer (+vol-credit feats),0.1072603771158065,0.1287394674902377,0.8331584649745427,-0.2126472869436471
