Model,AnnRet,Vol,Sharpe,MaxDD,Turnover
return,0.04500319151914664,0.1285585337031392,0.35005993163445465,-0.25757772792524847,7.631901365386544
risk,0.04500319151914664,0.1285585337031392,0.35005993163445465,-0.25757772792524847,7.631901365386544
dd,0.04500319151914664,0.1285585337031392,0.35005993163445465,-0.25757772792524847,7.631901365386544
ensemble,0.045003191519146654,0.1285585337031392,0.35005993163445476,-0.2575777279252486,7.631901365386544
