Model,Lookback,Entropy,AnnRet,Vol,Sharpe,MaxDD
lstm,126,0.0,0.011217725060240963,0.0009527364713167432,11.774216058651922,0.0
lstm,126,0.001,0.011217725060240963,0.0009527364713167432,11.774216058651922,0.0
lstm,126,0.003,0.011217725060240963,0.0009527364713167432,11.774216058651922,0.0
lstm,126,0.01,0.011217725060240963,0.0009527364713167432,11.774216058651922,0.0
transformer,126,0.0,0.008142260240963855,0.0005061987425636589,16.085105624180596,0.0
transformer,126,0.001,0.008142260240963855,0.0005061987425636589,16.085105624180596,0.0
transformer,126,0.003,0.008142260240963855,0.0005061987425636589,16.085105624180596,0.0
transformer,126,0.01,0.008142260240963855,0.0005061987425636589,16.085105624180596,0.0
