Model,Lookback,Entropy,AnnRet,Vol,Sharpe,MaxDD
lstm,126,0.0,0.01122,0.00095,11.77422,0.0
lstm,126,0.001,0.01122,0.00095,11.77422,0.0
lstm,126,0.003,0.01122,0.00095,11.77422,0.0
lstm,126,0.01,0.01122,0.00095,11.77422,0.0
transformer,126,0.0,0.00814,0.00051,16.08511,0.0
transformer,126,0.001,0.00814,0.00051,16.08511,0.0
transformer,126,0.003,0.00814,0.00051,16.08511,0.0
transformer,126,0.01,0.00814,0.00051,16.08511,0.0
