Model,AnnRet,Vol,Sharpe,Sortino,MaxDD,Calmar,AvgCost_bps,Turnover,EffN
lstm,0.1056063175201416,0.1328692436218261,0.0793616846203804,0.0198042225092649,-0.2141143083572387,0.4932239949703216,2.1572530269622803,0.4314506351947784,10.124074935913086
transformer,0.12493440508842468,0.13331429660320282,0.09920204430818558,0.023422077298164368,-0.20602065324783325,0.6064168810844421,1.5658177137374878,0.31316351890563965,11.127288818359375
