{
  "weights": {
    "DBC": 1.3209835269225987,
    "EEM": 1.0547337695668348,
    "EFA": -0.4540082547820249,
    "GLD": -0.897215267945175,
    "HYG": -0.4202007578145141,
    "IEF": -0.2758392520331071,
    "IWM": 0.10487450444277983,
    "LQD": 0.19746519207703708,
    "QQQ": 0.16770307263170947,
    "SPY": 0.7609027732002062,
    "TLT": -0.43820042256959557,
    "VNQ": -0.12119888369674942
  },
  "mu_ann": 0.27705162490834406,
  "vol_ann": 0.23368251412658492,
  "sharpe_excess": 1.0572105740633941
}