{
  "RNN_L50": [
    0.4951666666666667,
    0.50025,
    0.5011666666666666,
    0.5018333333333334,
    0.5,
    0.49866666666666665,
    0.5006666666666667,
    0.5041666666666667,
    0.5036666666666666,
    0.635,
    0.6695833333333333,
    0.8345833333333333,
    0.8346666666666667,
    0.83725,
    0.8315,
    0.8323333333333333,
    0.8342499999999999,
    0.83175,
    0.8324166666666667,
    0.8344999999999999
  ],
  "LSTM_L50": [
    0.908,
    1.0,
    1.0,
    1.0,
    1.0,
    1.0,
    1.0,
    1.0,
    1.0,
    1.0,
    1.0,
    1.0,
    1.0,
    1.0,
    1.0,
    1.0,
    1.0,
    1.0,
    1.0,
    1.0
  ],
  "RNN_L100": [
    0.48941666666666667,
    0.49733333333333335,
    0.4859166666666667,
    0.63,
    0.6531666666666667,
    0.6569166666666667,
    0.6568333333333333,
    0.6655833333333333,
    0.6581666666666667,
    0.6558333333333334,
    0.6589166666666667,
    0.6659166666666666,
    0.6655833333333333,
    0.6585,
    0.6605,
    0.6596666666666667,
    0.658,
    0.6596666666666667,
    0.66025,
    0.6596666666666667
  ],
  "LSTM_L100": [
    0.6110833333333333,
    0.7945000000000001,
    0.8304166666666667,
    0.8304166666666667,
    0.8304166666666667,
    0.8304166666666667,
    0.83625,
    0.8304166666666667,
    0.83625,
    0.8325833333333333,
    0.8304166666666667,
    0.8304166666666667,
    0.8304166666666667,
    0.8325833333333333,
    0.8304166666666667,
    0.8304166666666667,
    0.8325833333333333,
    0.8360833333333333,
    0.8308333333333334,
    0.83625
  ],
  "RNN_L200": [
    0.5006666666666666,
    0.50075,
    0.509,
    0.5043333333333333,
    0.5088333333333334,
    0.5028333333333332,
    0.5018333333333334,
    0.5073333333333334,
    0.5060833333333333,
    0.5048333333333334,
    0.50375,
    0.5027499999999999,
    0.5020833333333333,
    0.49766666666666665,
    0.5059166666666667,
    0.5046666666666667,
    0.5012499999999999,
    0.5017499999999999,
    0.5019999999999999,
    0.5028333333333334
  ],
  "LSTM_L200": [
    0.4985833333333334,
    0.49633333333333335,
    0.5059166666666667,
    0.6718333333333334,
    0.6616666666666667,
    0.6666666666666666,
    0.6615000000000001,
    0.6666666666666666,
    0.6720833333333333,
    0.6665,
    0.6675833333333334,
    0.6615000000000001,
    0.6626666666666666,
    0.664,
    0.6639166666666667,
    0.6666666666666666,
    0.6638333333333334,
    0.6666666666666666,
    0.6615000000000001,
    0.6718333333333334
  ],
  "RNN_L500": [
    0.4968333333333333,
    0.5027499999999999,
    0.48974999999999996,
    0.5001666666666666,
    0.4995833333333333,
    0.49108333333333337,
    0.4931666666666667,
    0.49475,
    0.49816666666666665,
    0.49525,
    0.496,
    0.49491666666666667,
    0.4940833333333334,
    0.4974166666666666,
    0.49491666666666667,
    0.49574999999999997,
    0.4960833333333334,
    0.4924166666666667,
    0.49300000000000005,
    0.49150000000000005
  ],
  "LSTM_L500": [
    0.5004166666666666,
    0.50125,
    0.5004166666666666,
    0.5004166666666666,
    0.5004166666666666,
    0.49875,
    0.4996666666666667,
    0.5004166666666666,
    0.49875,
    0.5015833333333334,
    0.5023333333333333,
    0.5008333333333334,
    0.5006666666666667,
    0.5021666666666667,
    0.5021666666666668,
    0.4995833333333333,
    0.5004166666666666,
    0.4996666666666667,
    0.49625,
    0.49774999999999997
  ]
}